number,name,primary_type,secondary_type,generation,mega_evolution,legendary,final_stage,regional_form
1,bulbasaur,grass,poison,1,0,0,0,0
2,ivysaur,grass,poison,1,0,0,0,0
3,venusaur,grass,poison,1,1,0,1,0
4,charmander,fire,,1,0,0,0,0
5,charmeleon,fire,,1,0,0,0,0
6,charizard,fire,flying,1,1,0,1,0
7,squirtle,water,,1,0,0,0,0
8,wartortle,water,,1,0,0,0,0
9,blastoise,water,,1,1,0,1,0
10,caterpie,bug,,1,0,0,0,0
11,metapod,bug,,1,0,0,0,0
12,butterfree,bug,flying,1,0,0,1,0
13,weedle,bug,poison,1,0,0,0,0
14,kakuna,bug,poison,1,0,0,0,0
15,beedrill,bug,poison,1,1,0,1,0
16,pidgey,normal,flying,1,0,0,0,0
17,pidgeotto,normal,flying,1,0,0,0,0
18,pidgeot,normal,flying,1,1,0,1,0
19,rattata,dark,normal,7,0,0,0,1
20,raticate,dark,normal,7,0,0,1,1
21,spearow,normal,flying,1,0,0,0,0
22,fearow,normal,flying,1,0,0,1,0
23,ekans,poison,,1,0,0,0,0
24,arbok,poison,,1,0,0,1,0
25,pikachu,electric,,1,0,0,1,0
26,raichu,electric,psychic,7,0,0,1,1
27,sandshrew,ice,steel,7,0,0,0,1
28,sandslash,ice,steel,7,0,0,1,1
29,nidoranf,poison,,1,0,0,0,0
30,nidorina,poison,,1,0,0,0,0
31,nidoqueen,poison,ground,1,0,0,1,0
32,nidoranm,poison,,1,0,0,0,0
33,nidorino,poison,,1,0,0,0,0
34,nidoking,poison,ground,1,0,0,1,0
35,clefairy,fairy,,1,0,0,0,0
36,clefable,fairy,,1,0,0,1,0
37,vulpix,ice,,7,0,0,0,1
38,ninetales,ice,fairy,7,0,0,1,1
39,jigglypuff,normal,fairy,1,0,0,0,0
40,wigglytuff,normal,fairy,1,0,0,1,0
41,zubat,poison,flying,1,0,0,0,0
42,golbat,poison,flying,1,0,0,0,0
43,oddish,grass,poison,1,0,0,0,0
44,gloom,grass,poison,1,0,0,0,0
45,vileplume,grass,poison,1,0,0,1,0
46,paras,bug,grass,1,0,0,0,0
47,parasect,bug,grass,1,0,0,1,0
48,venonat,bug,poison,1,0,0,0,0
49,venomoth,bug,poison,1,0,0,1,0
50,diglett,ground,steel,7,0,0,0,1
51,dugtrio,ground,steel,7,0,0,1,1
52,meowth,dark,,1,0,0,0,1
53,persian,normal,,1,0,0,1,0
54,psyduck,water,,1,0,0,0,0
55,golduck,water,,1,0,0,1,0
56,mankey,fighting,,1,0,0,0,0
57,primeape,fighting,,1,0,0,0,0
58,growlithe,fire,rock,8,0,0,0,1
59,arcanine,fire,rock,8,0,0,1,1
60,poliwag,water,,1,0,0,0,0
61,poliwhirl,water,,1,0,0,0,0
62,poliwrath,water,fighting,1,0,0,1,0
63,abra,psychic,,1,0,0,0,0
64,kadabra,psychic,,1,0,0,0,0
65,alakazam,psychic,,1,1,0,1,0
66,machop,fighting,,1,0,0,0,0
67,machoke,fighting,,1,0,0,0,0
68,machamp,fighting,,1,0,0,1,0
69,bellsprout,grass,poison,1,0,0,0,0
70,weepinbell,grass,poison,1,0,0,0,0
71,victreebel,grass,poison,1,0,0,1,0
72,tentacool,water,poison,1,0,0,0,0
73,tentacruel,water,poison,1,0,0,1,0
74,geodude,rock,electric,7,0,0,0,1
75,graveler,rock,ground,7,0,0,0,1
76,golem,rock,ground,7,0,0,1,1
77,ponyta,psychic,,8,0,0,0,1
78,rapidash,psychic,fairy,8,0,0,1,1
79,slowpoke,psychic,,8,0,0,0,1
80,slowbro,psychic,poison,8,1,0,1,1
81,magnemite,electric,steel,1,0,0,0,0
82,magneton,electric,steel,1,0,0,0,0
83,farfetch'd,fighting,,8,0,0,1,1
84,doduo,normal,flying,1,0,0,0,0
85,dodrio,normal,flying,1,0,0,1,0
86,seel,water,,1,0,0,0,0
87,dewgong,water,ice,1,0,0,1,0
88,grimer,poison,dark,7,0,0,0,1
89,muk,poison,dark,7,0,0,1,1
90,shellder,water,,1,0,0,0,0
91,cloyster,water,ice,1,0,0,1,0
92,gastly,ghost,poison,1,0,0,0,0
93,haunter,ghost,poison,1,0,0,0,0
94,gengar,ghost,poison,1,1,0,1,0
95,onix,rock,ground,1,0,0,0,0
96,drowzee,psychic,,1,0,0,0,0
97,hypno,psychic,,1,0,0,1,0
98,krabby,water,,1,0,0,0,0
99,kingler,water,,1,0,0,1,0
100,voltorb,electric,grass,8,0,0,0,1
101,electrode,electric,grass,8,0,0,1,1
102,exeggcute,grass,psychic,1,0,0,0,0
103,exeggutor,grass,dragon,7,0,0,1,1
104,cubone,ground,,1,0,0,0,0
105,marowak,ground,,1,0,0,1,0
106,hitmonlee,fighting,,1,0,0,1,0
107,hitmonchan,fighting,,1,0,0,1,0
108,lickitung,normal,,1,0,0,0,0
109,koffing,poison,,1,0,0,0,0
110,weezing,poison,fairy,8,0,0,1,1
111,rhyhorn,ground,rock,1,0,0,0,0
112,rhydon,ground,rock,1,0,0,0,0
113,chansey,normal,,1,0,0,0,0
114,tangela,grass,,1,0,0,0,0
115,kangaskhan,normal,,1,1,0,1,0
116,horsea,water,,1,0,0,0,0
117,seadra,water,,1,0,0,0,0
118,goldeen,water,,1,0,0,0,0
119,seaking,water,,1,0,0,1,0
120,staryu,water,,1,0,0,0,0
121,starmie,water,psychic,1,0,0,1,0
122,mr.mime,ice,psychic,8,0,0,1,1
123,scyther,bug,flying,1,0,0,0,0
124,jynx,ice,psychic,1,0,0,1,0
125,electabuzz,electric,,1,0,0,0,0
126,magmar,fire,,1,0,0,0,0
127,pinsir,bug,,1,1,0,1,0
128,tauros,fighting,,9,0,0,1,1
129,magikarp,water,,1,0,0,0,0
130,gyarados,water,flying,1,1,0,1,0
131,lapras,water,ice,1,0,0,1,0
132,ditto,normal,,1,0,0,1,0
133,eevee,normal,,1,0,0,1,0
134,vaporeon,water,,1,0,0,1,0
135,jolteon,electric,,1,0,0,1,0
136,flareon,fire,,1,0,0,1,0
137,porygon,normal,,1,0,0,0,0
138,omanyte,rock,water,1,0,0,0,0
139,omastar,rock,water,1,0,0,1,0
140,kabuto,rock,water,1,0,0,0,0
141,kabutops,rock,water,1,0,0,1,0
142,aerodactyl,rock,flying,1,1,0,1,0
143,snorlax,normal,,1,0,0,1,0
144,articuno,psychic,flying,8,0,1,1,1
145,zapdos,fighting,flying,8,0,1,1,1
146,moltres,dark,flying,8,0,1,1,1
147,dratini,dragon,,1,0,0,0,0
148,dragonair,dragon,,1,0,0,0,0
149,dragonite,dragon,flying,1,0,0,1,0
150,mewtwo,psychic,,1,1,1,1,0
151,mew,psychic,,1,0,1,1,0
152,chikorita,grass,,2,0,0,0,0
153,bayleef,grass,,2,0,0,0,0
154,meganium,grass,,2,0,0,1,0
155,cyndaquil,fire,,2,0,0,0,0
156,quilava,fire,,2,0,0,0,0
157,typhlosion,fire,ghost,8,0,0,1,1
158,totodile,water,,2,0,0,0,0
159,croconaw,water,,2,0,0,0,0
160,feraligatr,water,,2,0,0,1,0
161,sentret,normal,,2,0,0,0,0
162,furret,normal,,2,0,0,1,0
163,hoothoot,normal,flying,2,0,0,0,0
164,noctowl,normal,flying,2,0,0,1,0
165,ledyba,bug,flying,2,0,0,0,0
166,ledian,bug,flying,2,0,0,1,0
167,spinarak,bug,poison,2,0,0,0,0
168,ariados,bug,poison,2,0,0,1,0
169,crobat,poison,flying,2,0,0,1,0
170,chinchou,water,electric,2,0,0,0,0
171,lanturn,water,electric,2,0,0,1,0
172,pichu,electric,,2,0,0,0,0
173,cleffa,fairy,,2,0,0,0,0
174,igglybuff,normal,fairy,2,0,0,0,0
175,togepi,fairy,,2,0,0,0,0
176,togetic,fairy,flying,2,0,0,0,0
177,natu,psychic,flying,2,0,0,0,0
178,xatu,psychic,flying,2,0,0,1,0
179,mareep,electric,,2,0,0,0,0
180,flaaffy,electric,,2,0,0,0,0
181,ampharos,electric,,2,1,0,1,0
182,bellossom,grass,,2,0,0,1,0
183,marill,water,fairy,2,0,0,0,0
184,azumarill,water,fairy,2,0,0,1,0
185,sudowoodo,rock,,2,0,0,1,0
186,politoed,water,,2,0,0,1,0
187,hoppip,grass,flying,2,0,0,0,0
188,skiploom,grass,flying,2,0,0,0,0
189,jumpluff,grass,flying,2,0,0,1,0
190,aipom,normal,,2,0,0,0,0
191,sunkern,grass,,2,0,0,0,0
192,sunflora,grass,,2,0,0,1,0
193,yanma,bug,flying,2,0,0,0,0
194,wooper,poison,ground,9,0,0,0,1
195,quagsire,water,ground,2,0,0,1,0
196,espeon,psychic,,2,0,0,1,0
197,umbreon,dark,,2,0,0,1,0
198,murkrow,dark,flying,2,0,0,0,0
199,slowking,psychic,poison,8,0,0,1,1
200,misdreavus,ghost,,2,0,0,0,0
201,unown,psychic,,2,0,0,1,0
202,wobbuffet,psychic,,2,0,0,1,0
203,girafarig,normal,psychic,2,0,0,0,0
204,pineco,bug,,2,0,0,0,0
205,forretress,bug,steel,2,0,0,1,0
206,dunsparce,normal,,2,0,0,0,0
207,gligar,ground,flying,2,0,0,0,0
208,steelix,steel,ground,2,1,0,1,0
209,snubbull,fairy,,2,0,0,0,0
210,granbull,fairy,,2,0,0,1,0
211,qwilfish,dark,poison,8,0,0,1,1
212,scizor,bug,steel,2,1,0,1,0
213,shuckle,bug,rock,2,0,0,1,0
214,heracross,bug,fighting,2,1,0,1,0
215,sneasel,fighting,poison,8,0,0,0,1
216,teddiursa,normal,,2,0,0,0,0
217,ursaring,normal,,2,0,0,0,0
218,slugma,fire,,2,0,0,0,0
219,magcargo,fire,rock,2,0,0,1,0
220,swinub,ice,ground,2,0,0,0,0
221,piloswine,ice,ground,2,0,0,0,0
222,corsola,ghost, ,8,0,0,1,1
223,remoraid,water,,2,0,0,0,0
224,octillery,water,,2,0,0,1,0
225,delibird,ice,flying,2,0,0,1,0
226,mantine,water,flying,2,0,0,1,0
227,skarmory,steel,flying,2,0,0,1,0
228,houndour,dark,fire,2,0,0,0,0
229,houndoom,dark,fire,2,1,0,1,0
230,kingdra,water,dragon,2,0,0,1,0
231,phanpy,ground,,2,0,0,0,0
232,donphan,ground,,2,0,0,1,0
233,porygon2,normal,,2,0,0,0,0
234,stantler,normal,,2,0,0,0,0
235,smeargle,normal,,2,0,0,1,0
236,tyrogue,fighting,,2,0,0,0,0
237,hitmontop,fighting,,2,0,0,1,0
238,smoochum,ice,psychic,2,0,0,0,0
239,elekid,electric,,2,0,0,0,0
240,magby,fire,,2,0,0,0,0
241,miltank,normal,,2,0,0,1,0
242,blissey,normal,,2,0,0,1,0
243,raikou,electric,,2,0,1,1,0
244,entei,fire,,2,0,1,1,0
245,suicune,water,,2,0,1,1,0
246,larvitar,rock,ground,2,0,0,0,0
247,pupitar,rock,ground,2,0,0,0,0
248,tyranitar,rock,dark,2,1,0,1,0
249,lugia,psychic,flying,2,0,1,1,0
250,ho-oh,fire,flying,2,0,1,1,0
251,celebi,psychic,grass,2,0,1,1,0
252,treecko,grass,,3,0,0,0,0
253,grovyle,grass,,3,0,0,0,0
254,sceptile,grass,,3,1,0,1,0
255,torchic,fire,,3,0,0,0,0
256,combusken,fire,fighting,3,0,0,0,0
257,blaziken,fire,fighting,3,1,0,1,0
258,mudkip,water,,3,0,0,0,0
259,marshtomp,water,ground,3,0,0,0,0
260,swampert,water,ground,3,1,0,1,0
261,poochyena,dark,,3,0,0,0,0
262,mightyena,dark,,3,0,0,1,0
263,zigzagoon,dark,normal,8,0,0,0,1
264,linoone,dark,normal,8,0,0,1,1
265,wurmple,bug,,3,0,0,0,0
266,silcoon,bug,,3,0,0,0,0
267,beautifly,bug,flying,3,0,0,1,0
268,cascoon,bug,,3,0,0,0,0
269,dustox,bug,poison,3,0,0,1,0
270,lotad,water,grass,3,0,0,0,0
271,lombre,water,grass,3,0,0,0,0
272,ludicolo,water,grass,3,0,0,1,0
273,seedot,grass,,3,0,0,0,0
274,nuzleaf,grass,dark,3,0,0,0,0
275,shiftry,grass,dark,3,0,0,1,0
276,taillow,normal,flying,3,0,0,0,0
277,swellow,normal,flying,3,0,0,1,0
278,wingull,water,flying,3,0,0,0,0
279,pelipper,water,flying,3,0,0,1,0
280,ralts,psychic,fairy,3,0,0,0,0
281,kirlia,psychic,fairy,3,0,0,0,0
282,gardevoir,psychic,fairy,3,1,0,1,0
283,surskit,bug,water,3,0,0,0,0
284,masquerain,bug,flying,3,0,0,1,0
285,shroomish,grass,,3,0,0,0,0
286,breloom,grass,fighting,3,0,0,1,0
287,slakoth,normal,,3,0,0,0,0
288,vigoroth,normal,,3,0,0,0,0
289,slaking,normal,,3,0,0,1,0
290,nincada,bug,ground,3,0,0,0,0
291,ninjask,bug,flying,3,0,0,1,0
292,shedinja,bug,ghost,3,0,0,1,0
293,whismur,normal,,3,0,0,0,0
294,loudred,normal,,3,0,0,0,0
295,exploud,normal,,3,0,0,1,0
296,makuhita,fighting,,3,0,0,0,0
297,hariyama,fighting,,3,0,0,1,0
298,azurill,normal,fairy,3,0,0,0,0
299,nosepass,rock,,3,0,0,0,0
300,skitty,normal,,3,0,0,0,0
301,delcatty,normal,,3,0,0,1,0
302,sableye,dark,ghost,3,1,0,1,0
303,mawile,steel,fairy,3,1,0,1,0
304,aron,steel,rock,3,0,0,0,0
305,lairon,steel,rock,3,0,0,0,0
306,aggron,steel,rock,3,1,0,1,0
307,meditite,fighting,psychic,3,0,0,0,0
308,medicham,fighting,psychic,3,1,0,1,0
309,electrike,electric,,3,0,0,0,0
310,manectric,electric,,3,1,0,1,0
311,plusle,electric,,3,0,0,1,0
312,minun,electric,,3,0,0,1,0
313,volbeat,bug,,3,0,0,1,0
314,illumise,bug,,3,0,0,1,0
315,roselia,grass,poison,3,0,0,0,0
316,gulpin,poison,,3,0,0,0,0
317,swalot,poison,,3,0,0,1,0
318,carvanha,water,dark,3,0,0,0,0
319,sharpedo,water,dark,3,1,0,1,0
320,wailmer,water,,3,0,0,0,0
321,wailord,water,,3,0,0,1,0
322,numel,fire,ground,3,0,0,0,0
323,camerupt,fire,ground,3,1,0,1,0
324,torkoal,fire,,3,0,0,1,0
325,spoink,psychic,,3,0,0,0,0
326,grumpig,psychic,,3,0,0,1,0
327,spinda,normal,,3,0,0,1,0
328,trapinch,ground,,3,0,0,0,0
329,vibrava,ground,dragon,3,0,0,0,0
330,flygon,ground,dragon,3,0,0,1,0
331,cacnea,grass,,3,0,0,0,0
332,cacturne,grass,dark,3,0,0,1,0
333,swablu,normal,flying,3,0,0,0,0
334,altaria,dragon,flying,3,1,0,1,0
335,zangoose,normal,,3,0,0,1,0
336,seviper,poison,,3,0,0,1,0
337,lunatone,rock,psychic,3,0,0,1,0
338,solrock,rock,psychic,3,0,0,1,0
339,barboach,water,ground,3,0,0,0,0
340,whiscash,water,ground,3,0,0,1,0
341,corphish,water,,3,0,0,0,0
342,crawdaunt,water,dark,3,0,0,1,0
343,baltoy,ground,psychic,3,0,0,0,0
344,claydol,ground,psychic,3,0,0,1,0
345,lileep,rock,grass,3,0,0,0,0
346,cradily,rock,grass,3,0,0,1,0
347,anorith,rock,bug,3,0,0,0,0
348,armaldo,rock,bug,3,0,0,1,0
349,feebas,water,,3,0,0,0,0
350,milotic,water,,3,0,0,1,0
351,castform,normal,,3,0,0,1,0
352,kecleon,normal,,3,0,0,1,0
353,shuppet,ghost,,3,0,0,0,0
354,banette,ghost,,3,1,0,1,0
355,duskull,ghost,,3,0,0,0,0
356,dusclops,ghost,,3,0,0,0,0
357,tropius,grass,flying,3,0,0,1,0
358,chimecho,psychic,,3,0,0,1,0
359,absol,dark,,3,1,0,1,0
360,wynaut,psychic,,3,0,0,0,0
361,snorunt,ice,,3,0,0,0,0
362,glalie,ice,,3,1,0,1,0
363,spheal,ice,water,3,0,0,0,0
364,sealeo,ice,water,3,0,0,0,0
365,walrein,ice,water,3,0,0,1,0
366,clamperl,water,,3,0,0,0,0
367,huntail,water,,3,0,0,1,0
368,gorebyss,water,,3,0,0,1,0
369,relicanth,water,rock,3,0,0,1,0
370,luvdisc,water,,3,0,0,1,0
371,bagon,dragon,,3,0,0,0,0
372,shelgon,dragon,,3,0,0,0,0
373,salamence,dragon,flying,3,1,0,1,0
374,beldum,steel,psychic,3,0,0,0,0
375,metang,steel,psychic,3,0,0,0,0
376,metagross,steel,psychic,3,1,0,1,0
377,regirock,rock,,3,0,1,1,0
378,regice,ice,,3,0,1,1,0
379,registeel,steel,,3,0,1,1,0
380,latias,dragon,psychic,3,1,1,1,0
381,latios,dragon,psychic,3,1,1,1,0
382,kyogre,water,,3,1,1,1,0
383,groudon,ground,,3,1,1,1,0
384,rayquaza,dragon,flying,3,1,1,1,0
385,jirachi,steel,psychic,3,0,1,1,0
386,deoxys,psychic,,3,0,1,1,0
387,turtwig,grass,,4,0,0,0,0
388,grotle,grass,,4,0,0,0,0
389,torterra,grass,ground,4,0,0,1,0
390,chimchar,fire,,4,0,0,0,0
391,monferno,fire,fighting,4,0,0,0,0
392,infernape,fire,fighting,4,0,0,1,0
393,piplup,water,,4,0,0,0,0
394,prinplup,water,,4,0,0,0,0
395,empoleon,water,steel,4,0,0,1,0
396,starly,normal,flying,4,0,0,0,0
397,staravia,normal,flying,4,0,0,0,0
398,staraptor,normal,flying,4,0,0,1,0
399,bidoof,normal,,4,0,0,0,0
400,bibarel,normal,water,4,0,0,1,0
401,kricketot,bug,,4,0,0,0,0
402,kricketune,bug,,4,0,0,1,0
403,shinx,electric,,4,0,0,0,0
404,luxio,electric,,4,0,0,0,0
405,luxray,electric,,4,0,0,1,0
406,budew,grass,poison,4,0,0,0,0
407,roserade,grass,poison,4,0,0,1,0
408,cranidos,rock,,4,0,0,0,0
409,rampardos,rock,,4,0,0,1,0
410,shieldon,rock,steel,4,0,0,0,0
411,bastiodon,rock,steel,4,0,0,1,0
412,burmy,bug,,4,0,0,0,0
413,wormadam,bug,grass,4,0,0,1,0
414,mothim,bug,flying,4,0,0,1,0
415,combee,bug,flying,4,0,0,0,0
416,vespiquen,bug,flying,4,0,0,1,0
417,pachirisu,electric,,4,0,0,1,0
418,buizel,water,,4,0,0,0,0
419,floatzel,water,,4,0,0,1,0
420,cherubi,grass,,4,0,0,0,0
421,cherrim,grass,,4,0,0,1,0
422,shellos,water,,4,0,0,0,0
423,gastrodon,water,ground,4,0,0,1,0
424,ambipom,normal,,4,0,0,1,0
425,drifloon,ghost,flying,4,0,0,0,0
426,drifblim,ghost,flying,4,0,0,1,0
427,buneary,normal,,4,0,0,0,0
428,lopunny,normal,,4,1,0,1,0
429,mismagius,ghost,,4,0,0,1,0
430,honchkrow,dark,flying,4,0,0,1,0
431,glameow,normal,,4,0,0,0,0
432,purugly,normal,,4,0,0,1,0
433,chingling,psychic,,4,0,0,0,0
434,stunky,poison,dark,4,0,0,0,0
435,skuntank,poison,dark,4,0,0,1,0
436,bronzor,steel,psychic,4,0,0,0,0
437,bronzong,steel,psychic,4,0,0,1,0
438,bonsly,rock,,4,0,0,0,0
439,mimejr.,psychic,fairy,4,0,0,0,0
440,happiny,normal,,4,0,0,0,0
441,chatot,normal,flying,4,0,0,1,0
442,spiritomb,ghost,dark,4,0,0,1,0
443,gible,dragon,ground,4,0,0,0,0
444,gabite,dragon,ground,4,0,0,0,0
445,garchomp,dragon,ground,4,1,0,1,0
446,munchlax,normal,,4,0,0,0,0
447,riolu,fighting,,4,0,0,0,0
448,lucario,fighting,steel,4,1,0,1,0
449,hippopotas,ground,,4,0,0,0,0
450,hippowdon,ground,,4,0,0,1,0
451,skorupi,poison,bug,4,0,0,0,0
452,drapion,poison,dark,4,0,0,1,0
453,croagunk,poison,fighting,4,0,0,0,0
454,toxicroak,poison,fighting,4,0,0,1,0
455,carnivine,grass,,4,0,0,1,0
456,finneon,water,,4,0,0,0,0
457,lumineon,water,,4,0,0,1,0
458,mantyke,water,flying,4,0,0,0,0
459,snover,grass,ice,4,0,0,0,0
460,abomasnow,grass,ice,4,0,0,1,0
461,weavile,dark,ice,4,0,0,1,0
462,magnezone,electric,steel,4,0,0,1,0
463,lickilicky,normal,,4,0,0,1,0
464,rhyperior,ground,rock,4,0,0,1,0
465,tangrowth,grass,,4,0,0,1,0
466,electivire,electric,,4,0,0,1,0
467,magmortar,fire,,4,0,0,1,0
468,togekiss,fairy,flying,4,0,0,1,0
469,yanmega,bug,flying,4,0,0,1,0
470,leafeon,grass,,4,0,0,1,0
471,glaceon,ice,,4,0,0,1,0
472,gliscor,ground,flying,4,0,0,1,0
473,mamoswine,ice,ground,4,0,0,1,0
474,porygon-z,normal,,4,0,0,1,0
475,gallade,psychic,fighting,4,1,0,1,0
476,probopass,rock,steel,4,0,0,1,0
477,dusknoir,ghost,,4,0,0,1,0
478,froslass,ice,ghost,4,0,0,1,0
479,rotom,electric,ghost,4,0,0,1,0
480,uxie,psychic,,4,0,1,1,0
481,mesprit,psychic,,4,0,1,1,0
482,azelf,psychic,,4,0,1,1,0
483,dialga,steel,dragon,4,0,1,1,0
484,palkia,water,dragon,4,0,1,1,0
485,heatran,fire,steel,4,0,1,1,0
486,regigigas,normal,,4,0,1,1,0
487,giratina,ghost,dragon,4,0,1,1,0
488,cresselia,psychic,,4,0,1,1,0
489,phione,water,,4,0,1,1,0
490,manaphy,water,,4,0,1,1,0
491,darkrai,dark,,4,0,1,1,0
492,shaymin,grass,,4,0,1,1,0
493,arceus,normal,,4,0,1,1,0
494,victini,psychic,fire,5,0,1,1,0
495,snivy,grass,,5,0,0,0,0
496,servine,grass,,5,0,0,0,0
497,serperior,grass,,5,0,0,1,0
498,tepig,fire,,5,0,0,0,0
499,pignite,fire,fighting,5,0,0,0,0
500,emboar,fire,fighting,5,0,0,1,0
501,oshawott,water,,5,0,0,0,0
502,dewott,water,,5,0,0,0,0
503,samurott,water,dark,8,0,0,1,1
504,patrat,normal,,5,0,0,0,0
505,watchog,normal,,5,0,0,1,0
506,lillipup,normal,,5,0,0,0,0
507,herdier,normal,,5,0,0,0,0
508,stoutland,normal,,5,0,0,1,0
509,purrloin,dark,,5,0,0,0,0
510,liepard,dark,,5,0,0,1,0
511,pansage,grass,,5,0,0,0,0
512,simisage,grass,,5,0,0,1,0
513,pansear,fire,,5,0,0,0,0
514,simisear,fire,,5,0,0,1,0
515,panpour,water,,5,0,0,0,0
516,simipour,water,,5,0,0,1,0
517,munna,psychic,,5,0,0,0,0
518,musharna,psychic,,5,0,0,1,0
519,pidove,normal,flying,5,0,0,0,0
520,tranquill,normal,flying,5,0,0,0,0
521,unfezant,normal,flying,5,0,0,1,0
522,blitzle,electric,,5,0,0,0,0
523,zebstrika,electric,,5,0,0,1,0
524,roggenrola,rock,,5,0,0,0,0
525,boldore,rock,,5,0,0,0,0
526,gigalith,rock,,5,0,0,1,0
527,woobat,psychic,flying,5,0,0,0,0
528,swoobat,psychic,flying,5,0,0,1,0
529,drilbur,ground,,5,0,0,0,0
530,excadrill,ground,steel,5,0,0,1,0
531,audino,normal,,5,1,0,1,0
532,timburr,fighting,,5,0,0,0,0
533,gurdurr,fighting,,5,0,0,0,0
534,conkeldurr,fighting,,5,0,0,1,0
535,tympole,water,,5,0,0,0,0
536,palpitoad,water,ground,5,0,0,0,0
537,seismitoad,water,ground,5,0,0,1,0
538,throh,fighting,,5,0,0,1,0
539,sawk,fighting,,5,0,0,1,0
540,sewaddle,bug,grass,5,0,0,0,0
541,swadloon,bug,grass,5,0,0,0,0
542,leavanny,bug,grass,5,0,0,1,0
543,venipede,bug,poison,5,0,0,0,0
544,whirlipede,bug,poison,5,0,0,0,0
545,scolipede,bug,poison,5,0,0,1,0
546,cottonee,grass,fairy,5,0,0,0,0
547,whimsicott,grass,fairy,5,0,0,1,0
548,petilil,grass,,5,0,0,0,0
549,lilligant,grass,fighting,8,0,0,1,1
550,basculin,water,,5,0,0,1,0
551,sandile,ground,dark,5,0,0,0,0
552,krokorok,ground,dark,5,0,0,0,0
553,krookodile,ground,dark,5,0,0,1,0
554,darumaka,ice,,8,0,0,0,1
555,darmanitan,ice,,8,0,0,1,1
556,maractus,grass,,5,0,0,1,0
557,dwebble,bug,rock,5,0,0,0,0
558,crustle,bug,rock,5,0,0,1,0
559,scraggy,dark,fighting,5,0,0,0,0
560,scrafty,dark,fighting,5,0,0,1,0
561,sigilyph,psychic,flying,5,0,0,1,0
562,yamask,ground,ghost,8,0,0,0,1
563,cofagrigus,ghost,,5,0,0,1,0
564,tirtouga,water,rock,5,0,0,0,0
565,carracosta,water,rock,5,0,0,1,0
566,archen,rock,flying,5,0,0,0,0
567,archeops,rock,flying,5,0,0,1,0
568,trubbish,poison,,5,0,0,0,0
569,garbodor,poison,,5,0,0,1,0
570,zorua,normal,ghost,8,0,0,0,1
571,zoroark,normal,ghost,8,0,0,1,1
572,minccino,normal,,5,0,0,0,0
573,cinccino,normal,,5,0,0,1,0
574,gothita,psychic,,5,0,0,0,0
575,gothorita,psychic,,5,0,0,0,0
576,gothitelle,psychic,,5,0,0,1,0
577,solosis,psychic,,5,0,0,0,0
578,duosion,psychic,,5,0,0,0,0
579,reuniclus,psychic,,5,0,0,1,0
580,ducklett,water,flying,5,0,0,0,0
581,swanna,water,flying,5,0,0,1,0
582,vanillite,ice,,5,0,0,0,0
583,vanillish,ice,,5,0,0,0,0
584,vanilluxe,ice,,5,0,0,1,0
585,deerling,normal,grass,5,0,0,0,0
586,sawsbuck,normal,grass,5,0,0,1,0
587,emolga,electric,flying,5,0,0,1,0
588,karrablast,bug,,5,0,0,0,0
589,escavalier,bug,steel,5,0,0,1,0
590,foongus,grass,poison,5,0,0,0,0
591,amoonguss,grass,poison,5,0,0,1,0
592,frillish,water,ghost,5,0,0,0,0
593,jellicent,water,ghost,5,0,0,1,0
594,alomomola,water,,5,0,0,1,0
595,joltik,bug,electric,5,0,0,0,0
596,galvantula,bug,electric,5,0,0,1,0
597,ferroseed,grass,steel,5,0,0,0,0
598,ferrothorn,grass,steel,5,0,0,1,0
599,klink,steel,,5,0,0,0,0
600,klang,steel,,5,0,0,0,0
601,klinklang,steel,,5,0,0,1,0
602,tynamo,electric,,5,0,0,0,0
603,eelektrik,electric,,5,0,0,0,0
604,eelektross,electric,,5,0,0,1,0
605,elgyem,psychic,,5,0,0,0,0
606,beheeyem,psychic,,5,0,0,1,0
607,litwick,ghost,fire,5,0,0,0,0
608,lampent,ghost,fire,5,0,0,0,0
609,chandelure,ghost,fire,5,0,0,1,0
610,axew,dragon,,5,0,0,0,0
611,fraxure,dragon,,5,0,0,0,0
612,haxorus,dragon,,5,0,0,1,0
613,cubchoo,ice,,5,0,0,0,0
614,beartic,ice,,5,0,0,1,0
615,cryogonal,ice,,5,0,0,1,0
616,shelmet,bug,,5,0,0,0,0
617,accelgor,bug,,5,0,0,1,0
618,stunfisk,ground,steel,8,0,0,1,1
619,mienfoo,fighting,,5,0,0,0,0
620,mienshao,fighting,,5,0,0,1,0
621,druddigon,dragon,,5,0,0,1,0
622,golett,ground,ghost,5,0,0,0,0
623,golurk,ground,ghost,5,0,0,1,0
624,pawniard,dark,steel,5,0,0,0,0
625,bisharp,dark,steel,5,0,0,0,0
626,bouffalant,normal,,5,0,0,1,0
627,rufflet,normal,flying,5,0,0,0,0
628,braviary,psychic,flying,8,0,0,1,1
629,vullaby,dark,flying,5,0,0,0,0
630,mandibuzz,dark,flying,5,0,0,1,0
631,heatmor,fire,,5,0,0,1,0
632,durant,bug,steel,5,0,0,1,0
633,deino,dark,dragon,5,0,0,0,0
634,zweilous,dark,dragon,5,0,0,0,0
635,hydreigon,dark,dragon,5,0,0,1,0
636,larvesta,bug,fire,5,0,0,0,0
637,volcarona,bug,fire,5,0,0,1,0
638,cobalion,steel,fighting,5,0,1,1,0
639,terrakion,rock,fighting,5,0,1,1,0
640,virizion,grass,fighting,5,0,1,1,0
641,tornadus,flying,,5,0,1,1,0
642,thundurus,electric,flying,5,0,1,1,0
643,reshiram,dragon,fire,5,0,1,1,0
644,zekrom,dragon,electric,5,0,1,1,0
645,landorus,ground,flying,5,0,1,1,0
646,kyurem,dragon,ice,5,0,1,1,0
647,keldeo,water,fighting,5,0,1,1,0
648,meloetta,normal,psychic,5,0,1,1,0
649,genesect,bug,steel,5,0,1,1,0
650,chespin,grass,,6,0,0,0,0
651,quilladin,grass,,6,0,0,0,0
652,chesnaught,grass,fighting,6,0,0,1,0
653,fennekin,fire,,6,0,0,0,0
654,braixen,fire,,6,0,0,0,0
655,delphox,fire,psychic,6,0,0,1,0
656,froakie,water,,6,0,0,0,0
657,frogadier,water,,6,0,0,0,0
658,greninja,water,dark,6,0,0,1,0
659,bunnelby,normal,,6,0,0,0,0
660,diggersby,normal,ground,6,0,0,1,0
661,fletchling,normal,flying,6,0,0,0,0
662,fletchinder,fire,flying,6,0,0,0,0
663,talonflame,fire,flying,6,0,0,1,0
664,scatterbug,bug,,6,0,0,0,0
665,spewpa,bug,,6,0,0,0,0
666,vivillon,bug,flying,6,0,0,1,0
667,litleo,fire,normal,6,0,0,0,0
668,pyroar,fire,normal,6,0,0,1,0
669,flabebe,fairy,,6,0,0,0,0
670,floette,fairy,,6,0,0,0,0
671,florges,fairy,,6,0,0,1,0
672,skiddo,grass,,6,0,0,0,0
673,gogoat,grass,,6,0,0,1,0
674,pancham,fighting,,6,0,0,0,0
675,pangoro,fighting,dark,6,0,0,1,0
676,furfrou,normal,,6,0,0,1,0
677,espurr,psychic,,6,0,0,0,0
678,meowstic,psychic,,6,0,0,1,0
679,honedge,steel,ghost,6,0,0,0,0
680,doublade,steel,ghost,6,0,0,0,0
681,aegislash,steel,ghost,6,0,0,1,0
682,spritzee,fairy,,6,0,0,0,0
683,aromatisse,fairy,,6,0,0,1,0
684,swirlix,fairy,,6,0,0,0,0
685,slurpuff,fairy,,6,0,0,1,0
686,inkay,dark,psychic,6,0,0,0,0
687,malamar,dark,psychic,6,0,0,1,0
688,binacle,rock,water,6,0,0,0,0
689,barbaracle,rock,water,6,0,0,1,0
690,skrelp,poison,water,6,0,0,0,0
691,dragalge,poison,dragon,6,0,0,1,0
692,clauncher,water,,6,0,0,0,0
693,clawitzer,water,,6,0,0,1,0
694,helioptile,electric,normal,6,0,0,0,0
695,heliolisk,electric,normal,6,0,0,1,0
696,tyrunt,rock,dragon,6,0,0,0,0
697,tyrantrum,rock,dragon,6,0,0,1,0
698,amaura,rock,ice,6,0,0,0,0
699,aurorus,rock,ice,6,0,0,1,0
700,sylveon,fairy,,6,0,0,1,0
701,hawlucha,fighting,flying,6,0,0,1,0
702,dedenne,electric,fairy,6,0,0,1,0
703,carbink,rock,fairy,6,0,0,1,0
704,goomy,dragon,,6,0,0,0,0
705,sliggoo,steel,dragon,8,0,0,0,1
706,goodra,steel,dragon,8,0,0,1,1
707,klefki,steel,fairy,6,0,0,1,0
708,phantump,ghost,grass,6,0,0,0,0
709,trevenant,ghost,grass,6,0,0,1,0
710,pumpkaboo,ghost,grass,6,0,0,0,0
711,gourgeist,ghost,grass,6,0,0,1,0
712,bergmite,ice,,6,0,0,0,0
713,avalugg,ice,rock,8,0,0,1,1
714,noibat,flying,dragon,6,0,0,0,0
715,noivern,flying,dragon,6,0,0,1,0
716,xerneas,fairy,,6,0,1,1,0
717,yveltal,dark,flying,6,0,1,1,0
718,zygarde,dragon,ground,6,0,1,1,0
719,diancie,rock,fairy,6,1,1,1,0
720,hoopa,psychic,ghost,6,0,1,1,0
721,volcanion,fire,water,6,0,1,1,0
722,rowlet,grass,flying,7,0,0,0,0
723,dartrix,grass,flying,7,0,0,0,0
724,decidueye,grass,fighting,8,0,0,1,1
725,litten,fire,,7,0,0,0,0
726,torracat,fire,,7,0,0,0,0
727,incineroar,fire,dark,7,0,0,1,0
728,popplio,water,,7,0,0,0,0
729,brionne,water,,7,0,0,0,0
730,primarina,water,fairy,7,0,0,1,0
731,pikipek,normal,flying,7,0,0,0,0
732,trumbeak,normal,flying,7,0,0,0,0
733,toucannon,normal,flying,7,0,0,1,0
734,yungoos,normal,,7,0,0,0,0
735,gumshoos,normal,,7,0,0,1,0
736,grubbin,bug,,7,0,0,0,0
737,charjabug,bug,electric,7,0,0,0,0
738,vikavolt,bug,electric,7,0,0,1,0
739,crabrawler,fighting,,7,0,0,0,0
740,crabominable,fighting,ice,7,0,0,1,0
741,oricorio,fire,flying,7,0,0,1,0
742,cutiefly,bug,fairy,7,0,0,0,0
743,ribombee,bug,fairy,7,0,0,1,0
744,rockruff,rock,,7,0,0,0,0
745,lycanroc,rock,,7,0,0,1,0
746,wishiwashi,water,,7,0,0,1,0
747,mareanie,poison,water,7,0,0,0,0
748,toxapex,poison,water,7,0,0,1,0
749,mudbray,ground,,7,0,0,0,0
750,mudsdale,ground,,7,0,0,1,0
751,dewpider,water,bug,7,0,0,0,0
752,araquanid,water,bug,7,0,0,1,0
753,fomantis,grass,,7,0,0,0,0
754,lurantis,grass,,7,0,0,1,0
755,morelull,grass,fairy,7,0,0,0,0
756,shiinotic,grass,fairy,7,0,0,1,0
757,salandit,poison,fire,7,0,0,0,0
758,salazzle,poison,fire,7,0,0,1,0
759,stufful,normal,fighting,7,0,0,0,0
760,bewear,normal,fighting,7,0,0,1,0
761,bounsweet,grass,,7,0,0,0,0
762,steenee,grass,,7,0,0,0,0
763,tsareena,grass,,7,0,0,1,0
764,comfey,fairy,,7,0,0,1,0
765,oranguru,normal,psychic,7,0,0,1,0
766,passimian,fighting,,7,0,0,1,0
767,wimpod,bug,water,7,0,0,0,0
768,golisopod,bug,water,7,0,0,1,0
769,sandygast,ghost,ground,7,0,0,0,0
770,palossand,ghost,ground,7,0,0,1,0
771,pyukumuku,water,,7,0,0,1,0
772,type:null,normal,,7,0,1,0,0
773,silvally,normal,,7,0,1,1,0
774,minior,rock,flying,7,0,0,1,0
775,komala,normal,,7,0,0,1,0
776,turtonator,fire,dragon,7,0,0,1,0
777,togedemaru,electric,steel,7,0,0,1,0
778,mimikyu,ghost,fairy,7,0,0,1,0
779,bruxish,water,psychic,7,0,0,1,0
780,drampa,normal,dragon,7,0,0,1,0
781,dhelmise,ghost,grass,7,0,0,1,0
782,jangmo-o,dragon,,7,0,0,0,0
783,hakamo-o,dragon,fighting,7,0,0,0,0
784,kommo-o,dragon,fighting,7,0,0,1,0
785,tapukoko,electric,fairy,7,0,1,1,0
786,tapulele,psychic,fairy,7,0,1,1,0
787,tapubulu,grass,fairy,7,0,1,1,0
788,tapufini,water,fairy,7,0,1,1,0
789,cosmog,psychic,,7,0,1,0,0
790,cosmoem,psychic,,7,0,1,0,0
791,solgaleo,psychic,steel,7,0,1,1,0
792,lunala,psychic,ghost,7,0,1,1,0
793,nihilego,rock,poison,7,0,1,1,0
794,buzzwole,bug,fighting,7,0,1,1,0
795,pheromosa,bug,fighting,7,0,1,1,0
796,xurkitree,electric,,7,0,1,1,0
797,celesteela,steel,flying,7,0,1,1,0
798,kartana,grass,steel,7,0,1,1,0
799,guzzlord,dark,dragon,7,0,1,1,0
800,necrozma,psychic,,7,0,1,1,0
801,magearna,steel,fairy,7,0,1,1,0
802,marshadow,fighting,ghost,7,0,1,1,0
803,poipole,poison,,7,0,1,0,0
804,naganadel,poison,dragon,7,0,1,1,0
805,stakataka,rock,steel,7,0,1,1,0
806,blacephalon,fire,ghost,7,0,1,1,0
807,zeraora,electric,,7,0,1,1,0
808,meltan,steel,,7,0,1,0,0
809,melmetal,steel,,7,0,1,1,0
810,grookey,grass,,8,0,0,0,0
811,thwackey,grass,,8,0,0,0,0
812,rillaboom,grass,,8,0,0,1,0
813,scorbunny,fire,,8,0,0,0,0
814,raboot,fire,,8,0,0,0,0
815,cinderace,fire,,8,0,0,1,0
816,sobble,water,,8,0,0,0,0
817,drizzile,water,,8,0,0,0,0
818,inteleon,water,,8,0,0,1,0
819,skwovet,normal,,8,0,0,0,0
820,greedent,normal,,8,0,0,1,0
821,rookidee,flying,,8,0,0,0,0
822,corvisquire,flying,,8,0,0,0,0
823,corviknight,flying,steel,8,0,0,1,0
824,blipbug,bug,,8,0,0,0,0
825,dottler,bug,psychic,8,0,0,0,0
826,orbeetle,bug,psychic,8,0,0,1,0
827,nickit,dark,,8,0,0,0,0
828,thievul,dark,,8,0,0,1,0
829,gossifleur,grass,,8,0,0,0,0
830,eldegoss,grass,,8,0,0,1,0
831,wooloo,normal,,8,0,0,0,0
832,dubwool,normal,,8,0,0,1,0
833,chewtle,water,,8,0,0,0,0
834,drednaw,water,rock,8,0,0,1,0
835,yamper,electric,,8,0,0,0,0
836,boltund,electric,,8,0,0,1,0
837,rolycoly,rock,,8,0,0,0,0
838,carkol,rock,fire,8,0,0,0,0
839,coalossal,rock,fire,8,0,0,1,0
840,applin,grass,dragon,8,0,0,0,0
841,flapple,grass,dragon,8,0,0,1,0
842,appletun,grass,dragon,8,0,0,1,0
843,silicobra,ground,,8,0,0,0,0
844,sandaconda,ground,,8,0,0,1,0
845,cramorant,flying,water,8,0,0,1,0
846,arrokuda,water,,8,0,0,0,0
847,barraskewda,water,,8,0,0,1,0
848,toxel,electric,poison,8,0,0,0,0
849,toxtricity,electric,poison,8,0,0,1,0
850,sizzlipede,fire,bug,8,0,0,0,0
851,centiskorch,fire,bug,8,0,0,1,0
852,clobbopus,fighting,,8,0,0,0,0
853,grapploct,fighting,,8,0,0,1,0
854,sinistea,ghost,,8,0,0,0,0
855,polteageist,ghost,,8,0,0,1,0
856,hatenna,psychic,,8,0,0,0,0
857,hattrem,psychic,,8,0,0,0,0
858,hatterene,psychic,fairy,8,0,0,1,0
859,impidimp,dark,fairy,8,0,0,0,0
860,morgrem,dark,fairy,8,0,0,0,0
861,grimmsnarl,dark,fairy,8,0,0,1,0
862,obstagoon,dark,normal,8,0,0,1,0
863,perrserker,steel,,8,0,0,1,0
864,cursola,ghost,,8,0,0,1,0
865,sirfetch'd,fighting,,8,0,0,1,0
866,mr.rime,ice,psychic,8,0,0,1,0
867,runerigus,ground,ghost,8,0,0,1,0
868,milcery,fairy,,8,0,0,0,0
869,alcremie,fairy,,8,0,0,1,0
870,falinks,fighting,,8,0,0,1,0
871,pincurchin,electric,,8,0,0,1,0
872,snom,ice,bug,8,0,0,0,0
873,frosmoth,ice,bug,8,0,0,1,0
874,stonjourner,rock,,8,0,0,1,0
875,eiscue,ice,,8,0,0,1,0
876,indeedee,psychic,normal,8,0,0,1,0
877,morpeko,electric,dark,8,0,0,1,0
878,cufant,steel,,8,0,0,0,0
879,copperajah,steel,,8,0,0,1,0
880,dracozolt,electric,dragon,8,0,0,1,0
881,arctozolt,electric,ice,8,0,0,1,0
882,dracovish,water,dragon,8,0,0,1,0
883,arctovish,water,ice,8,0,0,1,0
884,duraludon,steel,dragon,8,0,0,0,0
885,dreepy,dragon,ghost,8,0,0,0,0
886,drakloak,dragon,ghost,8,0,0,0,0
887,dragapult,dragon,ghost,8,0,0,1,0
888,zacian,fairy,,8,0,1,1,0
889,zamazenta,fighting,,8,0,1,1,0
890,eternatus,poison,dragon,8,0,1,1,0
891,kubfu,fighting,,8,0,1,0,0
892,urshifu,fighting,dark,8,0,1,1,0
893,zarude,dark,grass,8,0,1,1,0
894,regieleki,electric,,8,0,1,1,0
895,regidrago,dragon,,8,0,1,1,0
896,glastrier,ice,,8,0,1,1,0
897,spectrier,ghost,,8,0,1,1,0
898,calyrex,psychic,grass,8,0,1,1,0
899,wyrdeer,normal,psychic,8,0,0,1,0
900,kleavor,bug,rock,8,0,0,1,0
901,ursaluna,ground,normal,8,0,0,1,0
902,basculegion,water,ghost,8,0,0,1,0
903,sneasler,fighting,poison,8,0,0,1,0
904,overqwil,dark,poison,8,0,0,1,0
905,enamorus,fairy,flying,8,0,1,1,0
906,sprigatito,grass,,9,0,0,0,0
907,floragato,grass,,9,0,0,0,0
908,meowscarada,grass,dark,9,0,0,1,0
909,fuecoco,fire,,9,0,0,0,0
910,crocalor,fire,,9,0,0,0,0
911,skeledirge,fire,ghost,9,0,0,1,0
912,quaxly,water,,9,0,0,0,0
913,quaxwell,water,,9,0,0,0,0
914,quaquaval,water,fighting,9,0,0,1,0
915,lechonk,normal,,9,0,0,0,0
916,oinkologne,normal,,9,0,0,1,0
917,tarountula,bug,,9,0,0,0,0
918,spidops,bug,,9,0,0,1,0
919,nymble,bug,,9,0,0,0,0
920,lokix,bug,dark,9,0,0,1,0
921,pawmi,electric,,9,0,0,0,0
922,pawmo,electric,fighting,9,0,0,0,0
923,pawmot,electric,fighting,9,0,0,1,0
924,tandemaus,normal,,9,0,0,0,0
925,maushold,normal,,9,0,0,1,0
926,fidough,fairy,,9,0,0,0,0
927,dachsbun,fairy,,9,0,0,1,0
928,smoliv,grass,normal,9,0,0,0,0
929,dolliv,grass,normal,9,0,0,0,0
930,arboliva,grass,normal,9,0,0,1,0
931,squawkabilly,normal,flying,9,0,0,1,0
932,nacli,rock,,9,0,0,0,0
933,naclstack,rock,,9,0,0,0,0
934,garganacl,rock,,9,0,0,1,0
935,charcadet,fire,,9,0,0,0,0
936,armarouge,fire,psychic,9,0,0,1,0
937,ceruledge,fire,ghost,9,0,0,1,0
938,tadbulb,electric,,9,0,0,0,0
939,bellibolt,electric,,9,0,0,1,0
940,wattrel,electric,flying,9,0,0,0,0
941,kilowattrel,electric,flying,9,0,0,1,0
942,maschiff,dark,,9,0,0,0,0
943,mabosstiff,dark,,9,0,0,1,0
944,shroodle,poison,normal,9,0,0,0,0
945,grafaiai,poison,normal,9,0,0,1,0
946,bramblin,grass,ghost,9,0,0,0,0
947,brambleghast,grass,ghost,9,0,0,1,0
948,toedscool,ground,grass,9,0,0,0,0
949,toedscruel,ground,grass,9,0,0,1,0
950,klawf,rock,,9,0,0,1,0
951,capsakid,grass,,9,0,0,0,0
952,scovillain,grass,fire,9,0,0,1,0
953,rellor,bug,,9,0,0,0,0
954,rabsca,bug,psychic,9,0,0,1,0
955,flittle,psychic,,9,0,0,0,0
956,espathra,psychic,,9,0,0,1,0
957,tinkatink,fairy,steel,9,0,0,0,0
958,tinkatuff,fairy,steel,9,0,0,0,0
959,tinkaton,fairy,steel,9,0,0,1,0
960,wiglett,water,,9,0,0,0,0
961,wugtrio,water,,9,0,0,1,0
962,bombirdier,flying,dark,9,0,0,1,0
963,finizen,water,,9,0,0,0,0
964,palafin,water,,9,0,0,1,0
965,varoom,steel,poison,9,0,0,0,0
966,revavroom,steel,poison,9,0,0,1,0
967,cyclizar,dragon,normal,9,0,0,1,0
968,orthworm,steel,,9,0,0,1,0
969,glimmet,rock,poison,9,0,0,0,0
970,glimmora,rock,poison,9,0,0,1,0
971,greavard,ghost,,9,0,0,0,0
972,houndstone,ghost,,9,0,0,1,0
973,flamigo,flying,fighting,9,0,0,1,0
974,cetoddle,ice,,9,0,0,0,0
975,cetitan,ice,,9,0,0,1,0
976,veluza,water,psychic,9,0,0,1,0
977,dondozo,water,,9,0,0,1,0
978,tatsugiri,dragon,water,9,0,0,1,0
979,annihilape,fighting,ghost,9,0,0,1,0
980,clodsire,poison,ground,9,0,0,1,0
981,farigiraf,normal,psychic,9,0,0,1,0
982,dudunsparce,normal,,9,0,0,1,0
983,kingambit,dark,steel,9,0,0,1,0
984,greattusk,ground,fighting,9,0,0,1,0
985,screamtail,fairy,psychic,9,0,0,1,0
986,brutebonnet,grass,dark,9,0,0,1,0
987,fluttermane,ghost,fairy,9,0,0,1,0
988,slitherwing,bug,fighting,9,0,0,1,0
989,sandyshocks,electric,ground,9,0,0,1,0
990,irontreads,ground,steel,9,0,0,1,0
991,ironbundle,ice,water,9,0,0,1,0
992,ironhands,fighting,electric,9,0,0,1,0
993,ironjugulis,dark,flying,9,0,0,1,0
994,ironmoth,fire,poison,9,0,0,1,0
995,ironthorns,rock,electric,9,0,0,1,0
996,frigibax,dragon,ice,9,0,0,0,0
997,arctibax,dragon,ice,9,0,0,0,0
998,baxcalibur,dragon,ice,9,0,0,1,0
999,gimmighoul,ghost,,9,0,0,0,0
1000,gholdengo,steel,ghost,9,0,0,1,0
1001,wo-chien,dark,grass,9,0,1,1,0
1002,chien-pao,dark,ice,9,0,1,1,0
1003,ting-lu,dark,ground,9,0,1,1,0
1004,chi-yu,dark,fire,9,0,1,1,0
1005,roaringmoon,dragon,dark,9,0,0,1,0
1006,ironvaliant,fairy,fighting,9,0,0,1,0
1007,koraidon,fighting,dragon,9,0,1,1,0
1008,miraidon,electric,dragon,9,0,1,1,0
1009,walkingwake,water,dragon,9,0,0,1,0
1010,ironleaves,grass,psychic,9,0,0,1,0
1011,dipplin,grass,dragon,9,0,0,0,0
1012,poltchageist,grass,ghost,9,0,0,0,0
1013,sinistcha,grass,ghost,9,0,0,1,0
1014,okidogi,poison,fighting,9,0,1,1,0
1015,munkidori,poison,psychic,9,0,1,1,0
1016,fezandipiti,poison,fairy,9,0,1,1,0
1017,ogerpon,grass,,9,0,1,1,0
1018,archaludon,steel,dragon,9,0,0,1,0
1019,hydrapple,grass,dragon,9,0,0,1,0
1020,gougingfire,fire,dragon,9,0,0,1,0
1021,ragingbolt,electric,dragon,9,0,0,1,0
1022,ironboulder,rock,psychic,9,0,0,1,0
1023,ironcrown,steel,psychic,9,0,0,1,0
1024,terapagos,normal,,9,0,1,1,0
1025,pecharunt,poison,ghost,9,0,1,1,0
